iteration,replicate,gini,income_mobility,avg_income,nsi,last_generation,population
2,2,0.4,0.8773770574697911,47953.022656619214,0.07681830538366603,11,8746
